source_file,mutated_file,mutation_class,mutation,target_event,target_object,intended_dimension,nominal_single_deviation_cost,expected_optimum,details
component_001_events_0030_objects_0020.jsonocel,data_package_weight/component_001_events_0030_objects_0020.jsonocel,data,wrong_package_weight,create_p-660001,p-660001,data,1,TO_VALIDATE_WITH_BOTH_BACKENDS,weight 8.484 -> 8.621
component_001_events_0030_objects_0020.jsonocel,data_order_price/component_001_events_0030_objects_0020.jsonocel,data,wrong_order_price,pay_o-990005,o-990005,data,1,TO_VALIDATE_WITH_BOTH_BACKENDS,price 3049.98 -> 3057.29
component_001_events_0030_objects_0020.jsonocel,cf_missing_pick/component_001_events_0030_objects_0020.jsonocel,control_flow,remove_pick_event,pick_i-880004,,control_flow,1,TO_VALIDATE_WITH_BOTH_BACKENDS,Removed one observed pick item event
component_001_events_0030_objects_0020.jsonocel,cf_extra_pick/component_001_events_0030_objects_0020.jsonocel,control_flow,duplicate_pick_event,pick_i-880004__controlled_extra,,control_flow,1,TO_VALIDATE_WITH_BOTH_BACKENDS,Duplicate of pick_i-880004
component_001_events_0030_objects_0020.jsonocel,object_missing_item_relation/component_001_events_0030_objects_0020.jsonocel,object,remove_item_relation_from_create_package,create_p-660001,i-880001,object,1,TO_VALIDATE_WITH_BOTH_BACKENDS,Removed exactly one ITEM from create package ocel:omap
component_002_events_0028_objects_0013.jsonocel,data_package_weight/component_002_events_0028_objects_0013.jsonocel,data,wrong_package_weight,create_p-660003,p-660003,data,1,TO_VALIDATE_WITH_BOTH_BACKENDS,weight 3.606 -> 3.743
component_002_events_0028_objects_0013.jsonocel,data_order_price/component_002_events_0028_objects_0013.jsonocel,data,wrong_order_price,pay_o-990014,o-990014,data,1,TO_VALIDATE_WITH_BOTH_BACKENDS,price 1098.99 -> 1106.3
component_002_events_0028_objects_0013.jsonocel,cf_missing_pick/component_002_events_0028_objects_0013.jsonocel,control_flow,remove_pick_event,pick_i-880010,,control_flow,1,TO_VALIDATE_WITH_BOTH_BACKENDS,Removed one observed pick item event
component_002_events_0028_objects_0013.jsonocel,cf_extra_pick/component_002_events_0028_objects_0013.jsonocel,control_flow,duplicate_pick_event,pick_i-880010__controlled_extra,,control_flow,1,TO_VALIDATE_WITH_BOTH_BACKENDS,Duplicate of pick_i-880010
component_002_events_0028_objects_0013.jsonocel,object_missing_item_relation/component_002_events_0028_objects_0013.jsonocel,object,remove_item_relation_from_create_package,create_p-660003,i-880008,object,1,TO_VALIDATE_WITH_BOTH_BACKENDS,Removed exactly one ITEM from create package ocel:omap
component_002_events_0028_objects_0013.jsonocel,object_extra_item_relation/component_002_events_0028_objects_0013.jsonocel,object,add_unrelated_item_relation_to_create_package,create_p-660003,i-880007,object,1,TO_VALIDATE_WITH_BOTH_BACKENDS,Added one existing ITEM not originally related to this create package event
component_003_events_0022_objects_0011.jsonocel,data_package_weight/component_003_events_0022_objects_0011.jsonocel,data,wrong_package_weight,create_p-660002,p-660002,data,1,TO_VALIDATE_WITH_BOTH_BACKENDS,weight 3.125 -> 3.262
component_003_events_0022_objects_0011.jsonocel,data_order_price/component_003_events_0022_objects_0011.jsonocel,data,wrong_order_price,pay_o-990004,o-990004,data,1,TO_VALIDATE_WITH_BOTH_BACKENDS,price 2241.95 -> 2249.2599999999998
component_003_events_0022_objects_0011.jsonocel,cf_missing_pick/component_003_events_0022_objects_0011.jsonocel,control_flow,remove_pick_event,pick_i-880019,,control_flow,1,TO_VALIDATE_WITH_BOTH_BACKENDS,Removed one observed pick item event
component_003_events_0022_objects_0011.jsonocel,cf_extra_pick/component_003_events_0022_objects_0011.jsonocel,control_flow,duplicate_pick_event,pick_i-880019__controlled_extra,,control_flow,1,TO_VALIDATE_WITH_BOTH_BACKENDS,Duplicate of pick_i-880019
component_003_events_0022_objects_0011.jsonocel,object_missing_item_relation/component_003_events_0022_objects_0011.jsonocel,object,remove_item_relation_from_create_package,create_p-660002,i-880013,object,1,TO_VALIDATE_WITH_BOTH_BACKENDS,Removed exactly one ITEM from create package ocel:omap
component_003_events_0022_objects_0011.jsonocel,object_extra_item_relation/component_003_events_0022_objects_0011.jsonocel,object,add_unrelated_item_relation_to_create_package,create_p-660002,i-880016,object,1,TO_VALIDATE_WITH_BOTH_BACKENDS,Added one existing ITEM not originally related to this create package event
component_004_events_0013_objects_0009.jsonocel,data_package_weight/component_004_events_0013_objects_0009.jsonocel,data,wrong_package_weight,create_p-660004,p-660004,data,1,TO_VALIDATE_WITH_BOTH_BACKENDS,weight 5.247 -> 5.384
component_004_events_0013_objects_0009.jsonocel,data_order_price/component_004_events_0013_objects_0009.jsonocel,data,wrong_order_price,pay_o-990006,o-990006,data,1,TO_VALIDATE_WITH_BOTH_BACKENDS,price 5732.98 -> 5740.29
component_004_events_0013_objects_0009.jsonocel,cf_missing_pick/component_004_events_0013_objects_0009.jsonocel,control_flow,remove_pick_event,pick_i-880029,,control_flow,1,TO_VALIDATE_WITH_BOTH_BACKENDS,Removed one observed pick item event
component_004_events_0013_objects_0009.jsonocel,cf_extra_pick/component_004_events_0013_objects_0009.jsonocel,control_flow,duplicate_pick_event,pick_i-880029__controlled_extra,,control_flow,1,TO_VALIDATE_WITH_BOTH_BACKENDS,Duplicate of pick_i-880029
component_004_events_0013_objects_0009.jsonocel,object_missing_item_relation/component_004_events_0013_objects_0009.jsonocel,object,remove_item_relation_from_create_package,create_p-660004,i-880026,object,1,TO_VALIDATE_WITH_BOTH_BACKENDS,Removed exactly one ITEM from create package ocel:omap
component_005_events_0035_objects_0016.jsonocel,data_package_weight/component_005_events_0035_objects_0016.jsonocel,data,wrong_package_weight,create_p-660005,p-660005,data,1,TO_VALIDATE_WITH_BOTH_BACKENDS,weight 3.471 -> 3.608
component_005_events_0035_objects_0016.jsonocel,data_order_price/component_005_events_0035_objects_0016.jsonocel,data,wrong_order_price,pay_o-990007,o-990007,data,1,TO_VALIDATE_WITH_BOTH_BACKENDS,price 2600.98 -> 2608.29
component_005_events_0035_objects_0016.jsonocel,cf_missing_pick/component_005_events_0035_objects_0016.jsonocel,control_flow,remove_pick_event,pick_i-880103,,control_flow,1,TO_VALIDATE_WITH_BOTH_BACKENDS,Removed one observed pick item event
component_005_events_0035_objects_0016.jsonocel,cf_extra_pick/component_005_events_0035_objects_0016.jsonocel,control_flow,duplicate_pick_event,pick_i-880103__controlled_extra,,control_flow,1,TO_VALIDATE_WITH_BOTH_BACKENDS,Duplicate of pick_i-880103
component_005_events_0035_objects_0016.jsonocel,object_missing_item_relation/component_005_events_0035_objects_0016.jsonocel,object,remove_item_relation_from_create_package,create_p-660005,i-880033,object,1,TO_VALIDATE_WITH_BOTH_BACKENDS,Removed exactly one ITEM from create package ocel:omap
component_005_events_0035_objects_0016.jsonocel,object_extra_item_relation/component_005_events_0035_objects_0016.jsonocel,object,add_unrelated_item_relation_to_create_package,create_p-660005,i-880036,object,1,TO_VALIDATE_WITH_BOTH_BACKENDS,Added one existing ITEM not originally related to this create package event
component_006_events_0031_objects_0015.jsonocel,data_package_weight/component_006_events_0031_objects_0015.jsonocel,data,wrong_package_weight,create_p-660006,p-660006,data,1,TO_VALIDATE_WITH_BOTH_BACKENDS,weight 2.699 -> 2.836
component_006_events_0031_objects_0015.jsonocel,data_order_price/component_006_events_0031_objects_0015.jsonocel,data,wrong_order_price,pay_o-990027,o-990027,data,1,TO_VALIDATE_WITH_BOTH_BACKENDS,price 630.99 -> 638.3
component_006_events_0031_objects_0015.jsonocel,cf_missing_pick/component_006_events_0031_objects_0015.jsonocel,control_flow,remove_pick_event,pick_i-880051,,control_flow,1,TO_VALIDATE_WITH_BOTH_BACKENDS,Removed one observed pick item event
component_006_events_0031_objects_0015.jsonocel,cf_extra_pick/component_006_events_0031_objects_0015.jsonocel,control_flow,duplicate_pick_event,pick_i-880051__controlled_extra,,control_flow,1,TO_VALIDATE_WITH_BOTH_BACKENDS,Duplicate of pick_i-880051
component_006_events_0031_objects_0015.jsonocel,object_missing_item_relation/component_006_events_0031_objects_0015.jsonocel,object,remove_item_relation_from_create_package,create_p-660006,i-880044,object,1,TO_VALIDATE_WITH_BOTH_BACKENDS,Removed exactly one ITEM from create package ocel:omap
component_006_events_0031_objects_0015.jsonocel,object_extra_item_relation/component_006_events_0031_objects_0015.jsonocel,object,add_unrelated_item_relation_to_create_package,create_p-660006,i-880046,object,1,TO_VALIDATE_WITH_BOTH_BACKENDS,Added one existing ITEM not originally related to this create package event
component_009_events_0015_objects_0008.jsonocel,data_package_weight/component_009_events_0015_objects_0008.jsonocel,data,wrong_package_weight,create_p-660009,p-660009,data,1,TO_VALIDATE_WITH_BOTH_BACKENDS,weight 1.21 -> 1.347
component_009_events_0015_objects_0008.jsonocel,data_order_price/component_009_events_0015_objects_0008.jsonocel,data,wrong_order_price,pay_o-990013,o-990013,data,1,TO_VALIDATE_WITH_BOTH_BACKENDS,price 3349.99 -> 3357.2999999999997
component_009_events_0015_objects_0008.jsonocel,cf_missing_pick/component_009_events_0015_objects_0008.jsonocel,control_flow,remove_pick_event,pick_i-880063,,control_flow,1,TO_VALIDATE_WITH_BOTH_BACKENDS,Removed one observed pick item event
component_009_events_0015_objects_0008.jsonocel,cf_extra_pick/component_009_events_0015_objects_0008.jsonocel,control_flow,duplicate_pick_event,pick_i-880063__controlled_extra,,control_flow,1,TO_VALIDATE_WITH_BOTH_BACKENDS,Duplicate of pick_i-880063
component_009_events_0015_objects_0008.jsonocel,object_missing_item_relation/component_009_events_0015_objects_0008.jsonocel,object,remove_item_relation_from_create_package,create_p-660009,i-880060,object,1,TO_VALIDATE_WITH_BOTH_BACKENDS,Removed exactly one ITEM from create package ocel:omap
component_011_events_0028_objects_0017.jsonocel,data_package_weight/component_011_events_0028_objects_0017.jsonocel,data,wrong_package_weight,create_p-660011,p-660011,data,1,TO_VALIDATE_WITH_BOTH_BACKENDS,weight 7.113 -> 7.25
component_011_events_0028_objects_0017.jsonocel,data_order_price/component_011_events_0028_objects_0017.jsonocel,data,wrong_order_price,pay_o-990019,o-990019,data,1,TO_VALIDATE_WITH_BOTH_BACKENDS,price 1498.99 -> 1506.3
component_011_events_0028_objects_0017.jsonocel,cf_missing_pick/component_011_events_0028_objects_0017.jsonocel,control_flow,remove_pick_event,pick_i-880091,,control_flow,1,TO_VALIDATE_WITH_BOTH_BACKENDS,Removed one observed pick item event
component_011_events_0028_objects_0017.jsonocel,cf_extra_pick/component_011_events_0028_objects_0017.jsonocel,control_flow,duplicate_pick_event,pick_i-880091__controlled_extra,,control_flow,1,TO_VALIDATE_WITH_BOTH_BACKENDS,Duplicate of pick_i-880091
component_011_events_0028_objects_0017.jsonocel,object_missing_item_relation/component_011_events_0028_objects_0017.jsonocel,object,remove_item_relation_from_create_package,create_p-660011,i-880072,object,1,TO_VALIDATE_WITH_BOTH_BACKENDS,Removed exactly one ITEM from create package ocel:omap
component_014_events_0102_objects_0053.jsonocel,data_package_weight/component_014_events_0102_objects_0053.jsonocel,data,wrong_package_weight,create_p-660015,p-660015,data,1,TO_VALIDATE_WITH_BOTH_BACKENDS,weight 1.086 -> 1.223
component_014_events_0102_objects_0053.jsonocel,data_order_price/component_014_events_0102_objects_0053.jsonocel,data,wrong_order_price,pay_o-990020,o-990020,data,1,TO_VALIDATE_WITH_BOTH_BACKENDS,price 1319.99 -> 1327.3
component_014_events_0102_objects_0053.jsonocel,cf_missing_pick/component_014_events_0102_objects_0053.jsonocel,control_flow,remove_pick_event,pick_i-880620,,control_flow,1,TO_VALIDATE_WITH_BOTH_BACKENDS,Removed one observed pick item event
component_014_events_0102_objects_0053.jsonocel,cf_extra_pick/component_014_events_0102_objects_0053.jsonocel,control_flow,duplicate_pick_event,pick_i-880620__controlled_extra,,control_flow,1,TO_VALIDATE_WITH_BOTH_BACKENDS,Duplicate of pick_i-880620
component_014_events_0102_objects_0053.jsonocel,object_missing_item_relation/component_014_events_0102_objects_0053.jsonocel,object,remove_item_relation_from_create_package,create_p-660015,i-880092,object,1,TO_VALIDATE_WITH_BOTH_BACKENDS,Removed exactly one ITEM from create package ocel:omap
component_014_events_0102_objects_0053.jsonocel,object_extra_item_relation/component_014_events_0102_objects_0053.jsonocel,object,add_unrelated_item_relation_to_create_package,create_p-660015,i-880135,object,1,TO_VALIDATE_WITH_BOTH_BACKENDS,Added one existing ITEM not originally related to this create package event
component_020_events_0022_objects_0009.jsonocel,data_package_weight/component_020_events_0022_objects_0009.jsonocel,data,wrong_package_weight,create_p-660027,p-660027,data,1,TO_VALIDATE_WITH_BOTH_BACKENDS,weight 5.656 -> 5.792999999999999
component_020_events_0022_objects_0009.jsonocel,data_order_price/component_020_events_0022_objects_0009.jsonocel,data,wrong_order_price,pay_o-990042,o-990042,data,1,TO_VALIDATE_WITH_BOTH_BACKENDS,price 5327.97 -> 5335.280000000001
component_020_events_0022_objects_0009.jsonocel,cf_missing_pick/component_020_events_0022_objects_0009.jsonocel,control_flow,remove_pick_event,pick_i-880184,,control_flow,1,TO_VALIDATE_WITH_BOTH_BACKENDS,Removed one observed pick item event
component_020_events_0022_objects_0009.jsonocel,cf_extra_pick/component_020_events_0022_objects_0009.jsonocel,control_flow,duplicate_pick_event,pick_i-880184__controlled_extra,,control_flow,1,TO_VALIDATE_WITH_BOTH_BACKENDS,Duplicate of pick_i-880184
component_020_events_0022_objects_0009.jsonocel,object_missing_item_relation/component_020_events_0022_objects_0009.jsonocel,object,remove_item_relation_from_create_package,create_p-660027,i-880182,object,1,TO_VALIDATE_WITH_BOTH_BACKENDS,Removed exactly one ITEM from create package ocel:omap
component_021_events_0013_objects_0005.jsonocel,data_package_weight/component_021_events_0013_objects_0005.jsonocel,data,wrong_package_weight,create_p-660032,p-660032,data,1,TO_VALIDATE_WITH_BOTH_BACKENDS,weight 1.37 -> 1.5070000000000001
component_021_events_0013_objects_0005.jsonocel,data_order_price/component_021_events_0013_objects_0005.jsonocel,data,wrong_order_price,pay_o-990046,o-990046,data,1,TO_VALIDATE_WITH_BOTH_BACKENDS,price 3304.0 -> 3311.31
component_021_events_0013_objects_0005.jsonocel,cf_missing_pick/component_021_events_0013_objects_0005.jsonocel,control_flow,remove_pick_event,pick_i-880197,,control_flow,1,TO_VALIDATE_WITH_BOTH_BACKENDS,Removed one observed pick item event
component_021_events_0013_objects_0005.jsonocel,cf_extra_pick/component_021_events_0013_objects_0005.jsonocel,control_flow,duplicate_pick_event,pick_i-880197__controlled_extra,,control_flow,1,TO_VALIDATE_WITH_BOTH_BACKENDS,Duplicate of pick_i-880197
component_021_events_0013_objects_0005.jsonocel,object_missing_item_relation/component_021_events_0013_objects_0005.jsonocel,object,remove_item_relation_from_create_package,create_p-660032,i-880196,object,1,TO_VALIDATE_WITH_BOTH_BACKENDS,Removed exactly one ITEM from create package ocel:omap
component_021_events_0013_objects_0005.jsonocel,object_extra_item_relation/component_021_events_0013_objects_0005.jsonocel,object,add_unrelated_item_relation_to_create_package,create_p-660032,i-880197,object,1,TO_VALIDATE_WITH_BOTH_BACKENDS,Added one existing ITEM not originally related to this create package event
component_024_events_0010_objects_0005.jsonocel,data_package_weight/component_024_events_0010_objects_0005.jsonocel,data,wrong_package_weight,create_p-660040,p-660040,data,1,TO_VALIDATE_WITH_BOTH_BACKENDS,weight 2.151 -> 2.288
component_024_events_0010_objects_0005.jsonocel,data_order_price/component_024_events_0010_objects_0005.jsonocel,data,wrong_order_price,pay_o-990077,o-990077,data,1,TO_VALIDATE_WITH_BOTH_BACKENDS,price 2452.99 -> 2460.2999999999997
component_024_events_0010_objects_0005.jsonocel,cf_missing_pick/component_024_events_0010_objects_0005.jsonocel,control_flow,remove_pick_event,pick_i-880328,,control_flow,1,TO_VALIDATE_WITH_BOTH_BACKENDS,Removed one observed pick item event
component_024_events_0010_objects_0005.jsonocel,cf_extra_pick/component_024_events_0010_objects_0005.jsonocel,control_flow,duplicate_pick_event,pick_i-880328__controlled_extra,,control_flow,1,TO_VALIDATE_WITH_BOTH_BACKENDS,Duplicate of pick_i-880328
component_024_events_0010_objects_0005.jsonocel,object_missing_item_relation/component_024_events_0010_objects_0005.jsonocel,object,remove_item_relation_from_create_package,create_p-660040,i-880326,object,1,TO_VALIDATE_WITH_BOTH_BACKENDS,Removed exactly one ITEM from create package ocel:omap
component_028_events_0012_objects_0008.jsonocel,data_package_weight/component_028_events_0012_objects_0008.jsonocel,data,wrong_package_weight,create_p-660133,p-660133,data,1,TO_VALIDATE_WITH_BOTH_BACKENDS,weight 3.494 -> 3.6310000000000002
component_028_events_0012_objects_0008.jsonocel,data_order_price/component_028_events_0012_objects_0008.jsonocel,data,wrong_order_price,pay_o-990241,o-990241,data,1,TO_VALIDATE_WITH_BOTH_BACKENDS,price 4921.98 -> 4929.29
component_028_events_0012_objects_0008.jsonocel,cf_missing_pick/component_028_events_0012_objects_0008.jsonocel,control_flow,remove_pick_event,pick_i-881003,,control_flow,1,TO_VALIDATE_WITH_BOTH_BACKENDS,Removed one observed pick item event
component_028_events_0012_objects_0008.jsonocel,cf_extra_pick/component_028_events_0012_objects_0008.jsonocel,control_flow,duplicate_pick_event,pick_i-881003__controlled_extra,,control_flow,1,TO_VALIDATE_WITH_BOTH_BACKENDS,Duplicate of pick_i-881003
component_028_events_0012_objects_0008.jsonocel,object_missing_item_relation/component_028_events_0012_objects_0008.jsonocel,object,remove_item_relation_from_create_package,create_p-660133,i-881000,object,1,TO_VALIDATE_WITH_BOTH_BACKENDS,Removed exactly one ITEM from create package ocel:omap
component_029_events_0021_objects_0010.jsonocel,data_package_weight/component_029_events_0021_objects_0010.jsonocel,data,wrong_package_weight,create_p-660144,p-660144,data,1,TO_VALIDATE_WITH_BOTH_BACKENDS,weight 3.321 -> 3.458
component_029_events_0021_objects_0010.jsonocel,data_order_price/component_029_events_0021_objects_0010.jsonocel,data,wrong_order_price,pay_o-990254,o-990254,data,1,TO_VALIDATE_WITH_BOTH_BACKENDS,price 3908.99 -> 3916.2999999999997
component_029_events_0021_objects_0010.jsonocel,cf_missing_pick/component_029_events_0021_objects_0010.jsonocel,control_flow,remove_pick_event,pick_i-881052,,control_flow,1,TO_VALIDATE_WITH_BOTH_BACKENDS,Removed one observed pick item event
component_029_events_0021_objects_0010.jsonocel,cf_extra_pick/component_029_events_0021_objects_0010.jsonocel,control_flow,duplicate_pick_event,pick_i-881052__controlled_extra,,control_flow,1,TO_VALIDATE_WITH_BOTH_BACKENDS,Duplicate of pick_i-881052
component_029_events_0021_objects_0010.jsonocel,object_missing_item_relation/component_029_events_0021_objects_0010.jsonocel,object,remove_item_relation_from_create_package,create_p-660144,i-881049,object,1,TO_VALIDATE_WITH_BOTH_BACKENDS,Removed exactly one ITEM from create package ocel:omap
component_029_events_0021_objects_0010.jsonocel,object_extra_item_relation/component_029_events_0021_objects_0010.jsonocel,object,add_unrelated_item_relation_to_create_package,create_p-660144,i-881050,object,1,TO_VALIDATE_WITH_BOTH_BACKENDS,Added one existing ITEM not originally related to this create package event
component_030_events_0061_objects_0033.jsonocel,data_package_weight/component_030_events_0061_objects_0033.jsonocel,data,wrong_package_weight,create_p-660186,p-660186,data,1,TO_VALIDATE_WITH_BOTH_BACKENDS,weight 3.735 -> 3.872
component_030_events_0061_objects_0033.jsonocel,data_order_price/component_030_events_0061_objects_0033.jsonocel,data,wrong_order_price,pay_o-990338,o-990338,data,1,TO_VALIDATE_WITH_BOTH_BACKENDS,price 512.37 -> 519.68
component_030_events_0061_objects_0033.jsonocel,cf_missing_pick/component_030_events_0061_objects_0033.jsonocel,control_flow,remove_pick_event,pick_i-881600,,control_flow,1,TO_VALIDATE_WITH_BOTH_BACKENDS,Removed one observed pick item event
component_030_events_0061_objects_0033.jsonocel,cf_extra_pick/component_030_events_0061_objects_0033.jsonocel,control_flow,duplicate_pick_event,pick_i-881600__controlled_extra,,control_flow,1,TO_VALIDATE_WITH_BOTH_BACKENDS,Duplicate of pick_i-881600
component_030_events_0061_objects_0033.jsonocel,object_missing_item_relation/component_030_events_0061_objects_0033.jsonocel,object,remove_item_relation_from_create_package,create_p-660186,i-881354,object,1,TO_VALIDATE_WITH_BOTH_BACKENDS,Removed exactly one ITEM from create package ocel:omap
component_030_events_0061_objects_0033.jsonocel,object_extra_item_relation/component_030_events_0061_objects_0033.jsonocel,object,add_unrelated_item_relation_to_create_package,create_p-660186,i-881356,object,1,TO_VALIDATE_WITH_BOTH_BACKENDS,Added one existing ITEM not originally related to this create package event
component_031_events_0009_objects_0005.jsonocel,data_package_weight/component_031_events_0009_objects_0005.jsonocel,data,wrong_package_weight,create_p-660218,p-660218,data,1,TO_VALIDATE_WITH_BOTH_BACKENDS,weight 1.843 -> 1.98
component_031_events_0009_objects_0005.jsonocel,data_order_price/component_031_events_0009_objects_0005.jsonocel,data,wrong_order_price,pay_o-990387,o-990387,data,1,TO_VALIDATE_WITH_BOTH_BACKENDS,price 258.67 -> 265.98
component_031_events_0009_objects_0005.jsonocel,cf_missing_pick/component_031_events_0009_objects_0005.jsonocel,control_flow,remove_pick_event,pick_i-881580,,control_flow,1,TO_VALIDATE_WITH_BOTH_BACKENDS,Removed one observed pick item event
component_031_events_0009_objects_0005.jsonocel,cf_extra_pick/component_031_events_0009_objects_0005.jsonocel,control_flow,duplicate_pick_event,pick_i-881580__controlled_extra,,control_flow,1,TO_VALIDATE_WITH_BOTH_BACKENDS,Duplicate of pick_i-881580
component_031_events_0009_objects_0005.jsonocel,object_missing_item_relation/component_031_events_0009_objects_0005.jsonocel,object,remove_item_relation_from_create_package,create_p-660218,i-881578,object,1,TO_VALIDATE_WITH_BOTH_BACKENDS,Removed exactly one ITEM from create package ocel:omap
component_032_events_0007_objects_0003.jsonocel,data_package_weight/component_032_events_0007_objects_0003.jsonocel,data,wrong_package_weight,create_p-660247,p-660247,data,1,TO_VALIDATE_WITH_BOTH_BACKENDS,weight 0.483 -> 0.62
component_032_events_0007_objects_0003.jsonocel,data_order_price/component_032_events_0007_objects_0003.jsonocel,data,wrong_order_price,pay_o-990424,o-990424,data,1,TO_VALIDATE_WITH_BOTH_BACKENDS,price 528.26 -> 535.5699999999999
component_032_events_0007_objects_0003.jsonocel,cf_missing_pick/component_032_events_0007_objects_0003.jsonocel,control_flow,remove_pick_event,pick_i-881734,,control_flow,1,TO_VALIDATE_WITH_BOTH_BACKENDS,Removed one observed pick item event
component_032_events_0007_objects_0003.jsonocel,cf_extra_pick/component_032_events_0007_objects_0003.jsonocel,control_flow,duplicate_pick_event,pick_i-881734__controlled_extra,,control_flow,1,TO_VALIDATE_WITH_BOTH_BACKENDS,Duplicate of pick_i-881734
component_032_events_0007_objects_0003.jsonocel,object_missing_item_relation/component_032_events_0007_objects_0003.jsonocel,object,remove_item_relation_from_create_package,create_p-660247,i-881734,object,1,TO_VALIDATE_WITH_BOTH_BACKENDS,Removed exactly one ITEM from create package ocel:omap
component_036_events_0017_objects_0008.jsonocel,data_package_weight/component_036_events_0017_objects_0008.jsonocel,data,wrong_package_weight,create_p-660296,p-660296,data,1,TO_VALIDATE_WITH_BOTH_BACKENDS,weight 3.094 -> 3.231
component_036_events_0017_objects_0008.jsonocel,data_order_price/component_036_events_0017_objects_0008.jsonocel,data,wrong_order_price,pay_o-990534,o-990534,data,1,TO_VALIDATE_WITH_BOTH_BACKENDS,price 1230.14 -> 1237.45
component_036_events_0017_objects_0008.jsonocel,cf_missing_pick/component_036_events_0017_objects_0008.jsonocel,control_flow,remove_pick_event,pick_i-882181,,control_flow,1,TO_VALIDATE_WITH_BOTH_BACKENDS,Removed one observed pick item event
component_036_events_0017_objects_0008.jsonocel,cf_extra_pick/component_036_events_0017_objects_0008.jsonocel,control_flow,duplicate_pick_event,pick_i-882181__controlled_extra,,control_flow,1,TO_VALIDATE_WITH_BOTH_BACKENDS,Duplicate of pick_i-882181
component_036_events_0017_objects_0008.jsonocel,object_missing_item_relation/component_036_events_0017_objects_0008.jsonocel,object,remove_item_relation_from_create_package,create_p-660296,i-882143,object,1,TO_VALIDATE_WITH_BOTH_BACKENDS,Removed exactly one ITEM from create package ocel:omap
component_037_events_0012_objects_0006.jsonocel,data_package_weight/component_037_events_0012_objects_0006.jsonocel,data,wrong_package_weight,create_p-660318,p-660318,data,1,TO_VALIDATE_WITH_BOTH_BACKENDS,weight 1.513 -> 1.65
component_037_events_0012_objects_0006.jsonocel,data_order_price/component_037_events_0012_objects_0006.jsonocel,data,wrong_order_price,pay_o-990566,o-990566,data,1,TO_VALIDATE_WITH_BOTH_BACKENDS,price 1622.35 -> 1629.6599999999999
component_037_events_0012_objects_0006.jsonocel,cf_missing_pick/component_037_events_0012_objects_0006.jsonocel,control_flow,remove_pick_event,pick_i-882307,,control_flow,1,TO_VALIDATE_WITH_BOTH_BACKENDS,Removed one observed pick item event
component_037_events_0012_objects_0006.jsonocel,cf_extra_pick/component_037_events_0012_objects_0006.jsonocel,control_flow,duplicate_pick_event,pick_i-882307__controlled_extra,,control_flow,1,TO_VALIDATE_WITH_BOTH_BACKENDS,Duplicate of pick_i-882307
component_037_events_0012_objects_0006.jsonocel,object_missing_item_relation/component_037_events_0012_objects_0006.jsonocel,object,remove_item_relation_from_create_package,create_p-660318,i-882307,object,1,TO_VALIDATE_WITH_BOTH_BACKENDS,Removed exactly one ITEM from create package ocel:omap
component_038_events_0008_objects_0004.jsonocel,data_package_weight/component_038_events_0008_objects_0004.jsonocel,data,wrong_package_weight,create_p-660508,p-660508,data,1,TO_VALIDATE_WITH_BOTH_BACKENDS,weight 1.57 -> 1.707
component_038_events_0008_objects_0004.jsonocel,data_order_price/component_038_events_0008_objects_0004.jsonocel,data,wrong_order_price,pay_o-990878,o-990878,data,1,TO_VALIDATE_WITH_BOTH_BACKENDS,price 2753.27 -> 2760.58
component_038_events_0008_objects_0004.jsonocel,cf_missing_pick/component_038_events_0008_objects_0004.jsonocel,control_flow,remove_pick_event,pick_i-883512,,control_flow,1,TO_VALIDATE_WITH_BOTH_BACKENDS,Removed one observed pick item event
component_038_events_0008_objects_0004.jsonocel,cf_extra_pick/component_038_events_0008_objects_0004.jsonocel,control_flow,duplicate_pick_event,pick_i-883512__controlled_extra,,control_flow,1,TO_VALIDATE_WITH_BOTH_BACKENDS,Duplicate of pick_i-883512
component_038_events_0008_objects_0004.jsonocel,object_missing_item_relation/component_038_events_0008_objects_0004.jsonocel,object,remove_item_relation_from_create_package,create_p-660508,i-883511,object,1,TO_VALIDATE_WITH_BOTH_BACKENDS,Removed exactly one ITEM from create package ocel:omap
component_042_events_0009_objects_0005.jsonocel,data_package_weight/component_042_events_0009_objects_0005.jsonocel,data,wrong_package_weight,create_p-660528,p-660528,data,1,TO_VALIDATE_WITH_BOTH_BACKENDS,weight 1.832 -> 1.969
component_042_events_0009_objects_0005.jsonocel,data_order_price/component_042_events_0009_objects_0005.jsonocel,data,wrong_order_price,pay_o-990916,o-990916,data,1,TO_VALIDATE_WITH_BOTH_BACKENDS,price 966.88 -> 974.1899999999999
component_042_events_0009_objects_0005.jsonocel,cf_missing_pick/component_042_events_0009_objects_0005.jsonocel,control_flow,remove_pick_event,pick_i-883672,,control_flow,1,TO_VALIDATE_WITH_BOTH_BACKENDS,Removed one observed pick item event
component_042_events_0009_objects_0005.jsonocel,cf_extra_pick/component_042_events_0009_objects_0005.jsonocel,control_flow,duplicate_pick_event,pick_i-883672__controlled_extra,,control_flow,1,TO_VALIDATE_WITH_BOTH_BACKENDS,Duplicate of pick_i-883672
component_042_events_0009_objects_0005.jsonocel,object_missing_item_relation/component_042_events_0009_objects_0005.jsonocel,object,remove_item_relation_from_create_package,create_p-660528,i-883672,object,1,TO_VALIDATE_WITH_BOTH_BACKENDS,Removed exactly one ITEM from create package ocel:omap
component_048_events_0011_objects_0007.jsonocel,data_package_weight/component_048_events_0011_objects_0007.jsonocel,data,wrong_package_weight,create_p-660649,p-660649,data,1,TO_VALIDATE_WITH_BOTH_BACKENDS,weight 3.11 -> 3.247
component_048_events_0011_objects_0007.jsonocel,data_order_price/component_048_events_0011_objects_0007.jsonocel,data,wrong_order_price,pay_o-991144,o-991144,data,1,TO_VALIDATE_WITH_BOTH_BACKENDS,price 3023.63 -> 3030.94
component_048_events_0011_objects_0007.jsonocel,cf_missing_pick/component_048_events_0011_objects_0007.jsonocel,control_flow,remove_pick_event,pick_i-884544,,control_flow,1,TO_VALIDATE_WITH_BOTH_BACKENDS,Removed one observed pick item event
component_048_events_0011_objects_0007.jsonocel,cf_extra_pick/component_048_events_0011_objects_0007.jsonocel,control_flow,duplicate_pick_event,pick_i-884544__controlled_extra,,control_flow,1,TO_VALIDATE_WITH_BOTH_BACKENDS,Duplicate of pick_i-884544
component_048_events_0011_objects_0007.jsonocel,object_missing_item_relation/component_048_events_0011_objects_0007.jsonocel,object,remove_item_relation_from_create_package,create_p-660649,i-884544,object,1,TO_VALIDATE_WITH_BOTH_BACKENDS,Removed exactly one ITEM from create package ocel:omap
component_050_events_0008_objects_0004.jsonocel,data_package_weight/component_050_events_0008_objects_0004.jsonocel,data,wrong_package_weight,create_p-660730,p-660730,data,1,TO_VALIDATE_WITH_BOTH_BACKENDS,weight 1.19 -> 1.327
component_050_events_0008_objects_0004.jsonocel,data_order_price/component_050_events_0008_objects_0004.jsonocel,data,wrong_order_price,pay_o-991284,o-991284,data,1,TO_VALIDATE_WITH_BOTH_BACKENDS,price 728.38 -> 735.6899999999999
component_050_events_0008_objects_0004.jsonocel,cf_missing_pick/component_050_events_0008_objects_0004.jsonocel,control_flow,remove_pick_event,pick_i-885087,,control_flow,1,TO_VALIDATE_WITH_BOTH_BACKENDS,Removed one observed pick item event
component_050_events_0008_objects_0004.jsonocel,cf_extra_pick/component_050_events_0008_objects_0004.jsonocel,control_flow,duplicate_pick_event,pick_i-885087__controlled_extra,,control_flow,1,TO_VALIDATE_WITH_BOTH_BACKENDS,Duplicate of pick_i-885087
component_050_events_0008_objects_0004.jsonocel,object_missing_item_relation/component_050_events_0008_objects_0004.jsonocel,object,remove_item_relation_from_create_package,create_p-660730,i-885087,object,1,TO_VALIDATE_WITH_BOTH_BACKENDS,Removed exactly one ITEM from create package ocel:omap
component_051_events_0011_objects_0007.jsonocel,data_package_weight/component_051_events_0011_objects_0007.jsonocel,data,wrong_package_weight,create_p-660751,p-660751,data,1,TO_VALIDATE_WITH_BOTH_BACKENDS,weight 3.908 -> 4.045
component_051_events_0011_objects_0007.jsonocel,data_order_price/component_051_events_0011_objects_0007.jsonocel,data,wrong_order_price,pay_o-991324,o-991324,data,1,TO_VALIDATE_WITH_BOTH_BACKENDS,price 2187.17 -> 2194.48
component_051_events_0011_objects_0007.jsonocel,cf_missing_pick/component_051_events_0011_objects_0007.jsonocel,control_flow,remove_pick_event,pick_i-885233,,control_flow,1,TO_VALIDATE_WITH_BOTH_BACKENDS,Removed one observed pick item event
component_051_events_0011_objects_0007.jsonocel,cf_extra_pick/component_051_events_0011_objects_0007.jsonocel,control_flow,duplicate_pick_event,pick_i-885233__controlled_extra,,control_flow,1,TO_VALIDATE_WITH_BOTH_BACKENDS,Duplicate of pick_i-885233
component_051_events_0011_objects_0007.jsonocel,object_missing_item_relation/component_051_events_0011_objects_0007.jsonocel,object,remove_item_relation_from_create_package,create_p-660751,i-885232,object,1,TO_VALIDATE_WITH_BOTH_BACKENDS,Removed exactly one ITEM from create package ocel:omap
component_057_events_0011_objects_0005.jsonocel,data_package_weight/component_057_events_0011_objects_0005.jsonocel,data,wrong_package_weight,create_p-660867,p-660867,data,1,TO_VALIDATE_WITH_BOTH_BACKENDS,weight 1.363 -> 1.5
component_057_events_0011_objects_0005.jsonocel,data_order_price/component_057_events_0011_objects_0005.jsonocel,data,wrong_order_price,pay_o-991520,o-991520,data,1,TO_VALIDATE_WITH_BOTH_BACKENDS,price 1631.42 -> 1638.73
component_057_events_0011_objects_0005.jsonocel,cf_missing_pick/component_057_events_0011_objects_0005.jsonocel,control_flow,remove_pick_event,pick_i-886011,,control_flow,1,TO_VALIDATE_WITH_BOTH_BACKENDS,Removed one observed pick item event
component_057_events_0011_objects_0005.jsonocel,cf_extra_pick/component_057_events_0011_objects_0005.jsonocel,control_flow,duplicate_pick_event,pick_i-886011__controlled_extra,,control_flow,1,TO_VALIDATE_WITH_BOTH_BACKENDS,Duplicate of pick_i-886011
component_057_events_0011_objects_0005.jsonocel,object_missing_item_relation/component_057_events_0011_objects_0005.jsonocel,object,remove_item_relation_from_create_package,create_p-660867,i-886010,object,1,TO_VALIDATE_WITH_BOTH_BACKENDS,Removed exactly one ITEM from create package ocel:omap
component_058_events_0009_objects_0005.jsonocel,data_package_weight/component_058_events_0009_objects_0005.jsonocel,data,wrong_package_weight,create_p-660924,p-660924,data,1,TO_VALIDATE_WITH_BOTH_BACKENDS,weight 3.06 -> 3.197
component_058_events_0009_objects_0005.jsonocel,data_order_price/component_058_events_0009_objects_0005.jsonocel,data,wrong_order_price,pay_o-991630,o-991630,data,1,TO_VALIDATE_WITH_BOTH_BACKENDS,price 3634.39 -> 3641.7
component_058_events_0009_objects_0005.jsonocel,cf_missing_pick/component_058_events_0009_objects_0005.jsonocel,control_flow,remove_pick_event,pick_i-886382,,control_flow,1,TO_VALIDATE_WITH_BOTH_BACKENDS,Removed one observed pick item event
component_058_events_0009_objects_0005.jsonocel,cf_extra_pick/component_058_events_0009_objects_0005.jsonocel,control_flow,duplicate_pick_event,pick_i-886382__controlled_extra,,control_flow,1,TO_VALIDATE_WITH_BOTH_BACKENDS,Duplicate of pick_i-886382
component_058_events_0009_objects_0005.jsonocel,object_missing_item_relation/component_058_events_0009_objects_0005.jsonocel,object,remove_item_relation_from_create_package,create_p-660924,i-886380,object,1,TO_VALIDATE_WITH_BOTH_BACKENDS,Removed exactly one ITEM from create package ocel:omap
component_059_events_0010_objects_0006.jsonocel,data_package_weight/component_059_events_0010_objects_0006.jsonocel,data,wrong_package_weight,create_p-660955,p-660955,data,1,TO_VALIDATE_WITH_BOTH_BACKENDS,weight 1.626 -> 1.763
component_059_events_0010_objects_0006.jsonocel,data_order_price/component_059_events_0010_objects_0006.jsonocel,data,wrong_order_price,pay_o-991686,o-991686,data,1,TO_VALIDATE_WITH_BOTH_BACKENDS,price 1959.11 -> 1966.4199999999998
component_059_events_0010_objects_0006.jsonocel,cf_missing_pick/component_059_events_0010_objects_0006.jsonocel,control_flow,remove_pick_event,pick_i-886559,,control_flow,1,TO_VALIDATE_WITH_BOTH_BACKENDS,Removed one observed pick item event
component_059_events_0010_objects_0006.jsonocel,cf_extra_pick/component_059_events_0010_objects_0006.jsonocel,control_flow,duplicate_pick_event,pick_i-886559__controlled_extra,,control_flow,1,TO_VALIDATE_WITH_BOTH_BACKENDS,Duplicate of pick_i-886559
component_059_events_0010_objects_0006.jsonocel,object_missing_item_relation/component_059_events_0010_objects_0006.jsonocel,object,remove_item_relation_from_create_package,create_p-660955,i-886559,object,1,TO_VALIDATE_WITH_BOTH_BACKENDS,Removed exactly one ITEM from create package ocel:omap
component_061_events_0007_objects_0003.jsonocel,data_package_weight/component_061_events_0007_objects_0003.jsonocel,data,wrong_package_weight,create_p-660997,p-660997,data,1,TO_VALIDATE_WITH_BOTH_BACKENDS,weight 1.48 -> 1.617
component_061_events_0007_objects_0003.jsonocel,data_order_price/component_061_events_0007_objects_0003.jsonocel,data,wrong_order_price,pay_o-991749,o-991749,data,1,TO_VALIDATE_WITH_BOTH_BACKENDS,price 240.71 -> 248.02
component_061_events_0007_objects_0003.jsonocel,cf_missing_pick/component_061_events_0007_objects_0003.jsonocel,control_flow,remove_pick_event,pick_i-886773,,control_flow,1,TO_VALIDATE_WITH_BOTH_BACKENDS,Removed one observed pick item event
component_061_events_0007_objects_0003.jsonocel,cf_extra_pick/component_061_events_0007_objects_0003.jsonocel,control_flow,duplicate_pick_event,pick_i-886773__controlled_extra,,control_flow,1,TO_VALIDATE_WITH_BOTH_BACKENDS,Duplicate of pick_i-886773
component_061_events_0007_objects_0003.jsonocel,object_missing_item_relation/component_061_events_0007_objects_0003.jsonocel,object,remove_item_relation_from_create_package,create_p-660997,i-886773,object,1,TO_VALIDATE_WITH_BOTH_BACKENDS,Removed exactly one ITEM from create package ocel:omap
component_063_events_0035_objects_0019.jsonocel,data_package_weight/component_063_events_0035_objects_0019.jsonocel,data,wrong_package_weight,create_p-661003,p-661003,data,1,TO_VALIDATE_WITH_BOTH_BACKENDS,weight 5.838 -> 5.975
component_063_events_0035_objects_0019.jsonocel,data_order_price/component_063_events_0035_objects_0019.jsonocel,data,wrong_order_price,pay_o-991784,o-991784,data,1,TO_VALIDATE_WITH_BOTH_BACKENDS,price 946.7 -> 954.01
component_063_events_0035_objects_0019.jsonocel,cf_missing_pick/component_063_events_0035_objects_0019.jsonocel,control_flow,remove_pick_event,pick_i-886890,,control_flow,1,TO_VALIDATE_WITH_BOTH_BACKENDS,Removed one observed pick item event
component_063_events_0035_objects_0019.jsonocel,cf_extra_pick/component_063_events_0035_objects_0019.jsonocel,control_flow,duplicate_pick_event,pick_i-886890__controlled_extra,,control_flow,1,TO_VALIDATE_WITH_BOTH_BACKENDS,Duplicate of pick_i-886890
component_063_events_0035_objects_0019.jsonocel,object_missing_item_relation/component_063_events_0035_objects_0019.jsonocel,object,remove_item_relation_from_create_package,create_p-661003,i-886882,object,1,TO_VALIDATE_WITH_BOTH_BACKENDS,Removed exactly one ITEM from create package ocel:omap
component_063_events_0035_objects_0019.jsonocel,object_extra_item_relation/component_063_events_0035_objects_0019.jsonocel,object,add_unrelated_item_relation_to_create_package,create_p-661003,i-886892,object,1,TO_VALIDATE_WITH_BOTH_BACKENDS,Added one existing ITEM not originally related to this create package event
component_064_events_0116_objects_0055.jsonocel,data_package_weight/component_064_events_0116_objects_0055.jsonocel,data,wrong_package_weight,create_p-661037,p-661037,data,1,TO_VALIDATE_WITH_BOTH_BACKENDS,weight 10.484 -> 10.621
component_064_events_0116_objects_0055.jsonocel,data_order_price/component_064_events_0116_objects_0055.jsonocel,data,wrong_order_price,pay_o-991865,o-991865,data,1,TO_VALIDATE_WITH_BOTH_BACKENDS,price 934.9 -> 942.2099999999999
component_064_events_0116_objects_0055.jsonocel,cf_missing_pick/component_064_events_0116_objects_0055.jsonocel,control_flow,remove_pick_event,pick_i-887305,,control_flow,1,TO_VALIDATE_WITH_BOTH_BACKENDS,Removed one observed pick item event
component_064_events_0116_objects_0055.jsonocel,cf_extra_pick/component_064_events_0116_objects_0055.jsonocel,control_flow,duplicate_pick_event,pick_i-887305__controlled_extra,,control_flow,1,TO_VALIDATE_WITH_BOTH_BACKENDS,Duplicate of pick_i-887305
component_064_events_0116_objects_0055.jsonocel,object_missing_item_relation/component_064_events_0116_objects_0055.jsonocel,object,remove_item_relation_from_create_package,create_p-661037,i-887107,object,1,TO_VALIDATE_WITH_BOTH_BACKENDS,Removed exactly one ITEM from create package ocel:omap
component_064_events_0116_objects_0055.jsonocel,object_extra_item_relation/component_064_events_0116_objects_0055.jsonocel,object,add_unrelated_item_relation_to_create_package,create_p-661037,i-887121,object,1,TO_VALIDATE_WITH_BOTH_BACKENDS,Added one existing ITEM not originally related to this create package event
component_065_events_0098_objects_0050.jsonocel,data_package_weight/component_065_events_0098_objects_0050.jsonocel,data,wrong_package_weight,create_p-661073,p-661073,data,1,TO_VALIDATE_WITH_BOTH_BACKENDS,weight 4.509 -> 4.646000000000001
component_065_events_0098_objects_0050.jsonocel,data_order_price/component_065_events_0098_objects_0050.jsonocel,data,wrong_order_price,pay_o-991916,o-991916,data,1,TO_VALIDATE_WITH_BOTH_BACKENDS,price 5517.32 -> 5524.63
component_065_events_0098_objects_0050.jsonocel,cf_missing_pick/component_065_events_0098_objects_0050.jsonocel,control_flow,remove_pick_event,pick_i-887562,,control_flow,1,TO_VALIDATE_WITH_BOTH_BACKENDS,Removed one observed pick item event
component_065_events_0098_objects_0050.jsonocel,cf_extra_pick/component_065_events_0098_objects_0050.jsonocel,control_flow,duplicate_pick_event,pick_i-887562__controlled_extra,,control_flow,1,TO_VALIDATE_WITH_BOTH_BACKENDS,Duplicate of pick_i-887562
component_065_events_0098_objects_0050.jsonocel,object_missing_item_relation/component_065_events_0098_objects_0050.jsonocel,object,remove_item_relation_from_create_package,create_p-661073,i-887363,object,1,TO_VALIDATE_WITH_BOTH_BACKENDS,Removed exactly one ITEM from create package ocel:omap
component_065_events_0098_objects_0050.jsonocel,object_extra_item_relation/component_065_events_0098_objects_0050.jsonocel,object,add_unrelated_item_relation_to_create_package,create_p-661073,i-887362,object,1,TO_VALIDATE_WITH_BOTH_BACKENDS,Added one existing ITEM not originally related to this create package event
component_066_events_0011_objects_0006.jsonocel,data_package_weight/component_066_events_0011_objects_0006.jsonocel,data,wrong_package_weight,create_p-661076,p-661076,data,1,TO_VALIDATE_WITH_BOTH_BACKENDS,weight 3.913 -> 4.05
component_066_events_0011_objects_0006.jsonocel,data_order_price/component_066_events_0011_objects_0006.jsonocel,data,wrong_order_price,pay_o-991925,o-991925,data,1,TO_VALIDATE_WITH_BOTH_BACKENDS,price 3340.39 -> 3347.7
component_066_events_0011_objects_0006.jsonocel,cf_missing_pick/component_066_events_0011_objects_0006.jsonocel,control_flow,remove_pick_event,pick_i-887401,,control_flow,1,TO_VALIDATE_WITH_BOTH_BACKENDS,Removed one observed pick item event
component_066_events_0011_objects_0006.jsonocel,cf_extra_pick/component_066_events_0011_objects_0006.jsonocel,control_flow,duplicate_pick_event,pick_i-887401__controlled_extra,,control_flow,1,TO_VALIDATE_WITH_BOTH_BACKENDS,Duplicate of pick_i-887401
component_066_events_0011_objects_0006.jsonocel,object_missing_item_relation/component_066_events_0011_objects_0006.jsonocel,object,remove_item_relation_from_create_package,create_p-661076,i-887399,object,1,TO_VALIDATE_WITH_BOTH_BACKENDS,Removed exactly one ITEM from create package ocel:omap
component_067_events_0063_objects_0031.jsonocel,data_package_weight/component_067_events_0063_objects_0031.jsonocel,data,wrong_package_weight,create_p-661091,p-661091,data,1,TO_VALIDATE_WITH_BOTH_BACKENDS,weight 1.923 -> 2.06
component_067_events_0063_objects_0031.jsonocel,data_order_price/component_067_events_0063_objects_0031.jsonocel,data,wrong_order_price,pay_o-991942,o-991942,data,1,TO_VALIDATE_WITH_BOTH_BACKENDS,price 1459.38 -> 1466.69
component_067_events_0063_objects_0031.jsonocel,cf_missing_pick/component_067_events_0063_objects_0031.jsonocel,control_flow,remove_pick_event,pick_i-887550,,control_flow,1,TO_VALIDATE_WITH_BOTH_BACKENDS,Removed one observed pick item event
component_067_events_0063_objects_0031.jsonocel,cf_extra_pick/component_067_events_0063_objects_0031.jsonocel,control_flow,duplicate_pick_event,pick_i-887550__controlled_extra,,control_flow,1,TO_VALIDATE_WITH_BOTH_BACKENDS,Duplicate of pick_i-887550
component_067_events_0063_objects_0031.jsonocel,object_missing_item_relation/component_067_events_0063_objects_0031.jsonocel,object,remove_item_relation_from_create_package,create_p-661091,i-887450,object,1,TO_VALIDATE_WITH_BOTH_BACKENDS,Removed exactly one ITEM from create package ocel:omap
component_067_events_0063_objects_0031.jsonocel,object_extra_item_relation/component_067_events_0063_objects_0031.jsonocel,object,add_unrelated_item_relation_to_create_package,create_p-661091,i-887475,object,1,TO_VALIDATE_WITH_BOTH_BACKENDS,Added one existing ITEM not originally related to this create package event
component_068_events_0009_objects_0005.jsonocel,data_package_weight/component_068_events_0009_objects_0005.jsonocel,data,wrong_package_weight,create_p-661114,p-661114,data,1,TO_VALIDATE_WITH_BOTH_BACKENDS,weight 1.86 -> 1.997
component_068_events_0009_objects_0005.jsonocel,data_order_price/component_068_events_0009_objects_0005.jsonocel,data,wrong_order_price,pay_o-991982,o-991982,data,1,TO_VALIDATE_WITH_BOTH_BACKENDS,price 264.24 -> 271.55
component_068_events_0009_objects_0005.jsonocel,cf_missing_pick/component_068_events_0009_objects_0005.jsonocel,control_flow,remove_pick_event,pick_i-887597,,control_flow,1,TO_VALIDATE_WITH_BOTH_BACKENDS,Removed one observed pick item event
component_068_events_0009_objects_0005.jsonocel,cf_extra_pick/component_068_events_0009_objects_0005.jsonocel,control_flow,duplicate_pick_event,pick_i-887597__controlled_extra,,control_flow,1,TO_VALIDATE_WITH_BOTH_BACKENDS,Duplicate of pick_i-887597
component_068_events_0009_objects_0005.jsonocel,object_missing_item_relation/component_068_events_0009_objects_0005.jsonocel,object,remove_item_relation_from_create_package,create_p-661114,i-887596,object,1,TO_VALIDATE_WITH_BOTH_BACKENDS,Removed exactly one ITEM from create package ocel:omap
